Top pages,Clicks,Impressions,CTR,Position
https://buffalocannabisnetwork.com/,57,994,5.73%,23.89
https://buffalocannabisnetwork.com/events/,10,81,12.35%,4
https://buffalocannabisnetwork.com/news/inside-snowbelt-cannabis-small-batch-solventless-women-veteran-owned/,6,82,7.32%,10.73
https://buffalocannabisnetwork.com/membership/,4,176,2.27%,3.36
https://buffalocannabisnetwork.com/members/green-room-cannabis/,4,53,7.55%,4.19
https://buffalocannabisnetwork.com/about/,3,425,0.71%,11.68
https://buffalocannabisnetwork.com/new-york-cannabis-market-overview-2024-early-2025/,2,428,0.47%,6.3
https://buffalocannabisnetwork.com/ny-cannabis-cross-tier-branding-case-2025/,2,198,1.01%,7.58
https://buffalocannabisnetwork.com/contact-buffalo-cannabis-network/,2,181,1.1%,12.55
https://buffalocannabisnetwork.com/members/,2,124,1.61%,46.85
https://buffalocannabisnetwork.com/news/tag/new-york-cannabis-processors/,2,5,40%,3.6
https://buffalocannabisnetwork.com/news/new-york-cannabis-market-overview-2024-early-2025/,1,359,0.28%,7.33
https://buffalocannabisnetwork.com/members/drs-testing/,1,26,3.85%,5.31
https://buffalocannabisnetwork.com/members/amplified-buffalo-news/,1,23,4.35%,6.35
https://buffalocannabisnetwork.com/events/coffee-networking/,1,9,11.11%,17.11
https://buffalocannabisnetwork.com/members/cannabookkeeper-ny-cbkny/,1,7,14.29%,11.14
https://buffalocannabisnetwork.com/submit-a-tip/,1,2,50%,6.5
https://buffalocannabisnetwork.com/events/buffalo-cannabis-network-happy-hour/,1,2,50%,53
https://buffalocannabisnetwork.com/news/nikki-lawley-buffalo-cannabis-networks-community-director-turns-pain-into-purpose/,0,301,0%,5.13
https://buffalocannabisnetwork.com/news/,0,66,0%,9.21
https://buffalocannabisnetwork.com/about-buffalo-cannabis-network/,0,62,0%,6.11
https://buffalocannabisnetwork.com/blog/,0,52,0%,3.67
https://buffalocannabisnetwork.com/event-venue/sol-buffalo-pool-club/,0,41,0%,16.61
https://buffalocannabisnetwork.com/contact/,0,40,0%,10.25
https://buffalocannabisnetwork.com/news/category/market-reports/,0,29,0%,3.31
https://buffalocannabisnetwork.com/members/americu-credit-union/,0,26,0%,5.38
https://buffalocannabisnetwork.com/event/bcn-dispensary-showcase/,0,26,0%,12.88
https://buffalocannabisnetwork.com/news/ccb-meeting-highlights-what-actually-matters-for-ny-operators/,0,25,0%,7.92
https://buffalocannabisnetwork.com/news/ny-cannabis-cross-tier-branding-case-2025/,0,23,0%,6.43
https://buffalocannabisnetwork.com/members/house-of-sacci/,0,23,0%,19.17
https://buffalocannabisnetwork.com/news/tag/ocm/,0,22,0%,8.41
https://buffalocannabisnetwork.com/members/weed-ross-insurance/,0,21,0%,9.71
https://buffalocannabisnetwork.com/news/tag/cannabis-industry/,0,20,0%,3.1
https://buffalocannabisnetwork.com/terms/,0,19,0%,6.58
https://buffalocannabisnetwork.com/print/,0,18,0%,1.11
https://buffalocannabisnetwork.com/members/staffbuffalo-hrbuffalo/,0,18,0%,18
https://buffalocannabisnetwork.com/recaps/,0,16,0%,2.94
https://buffalocannabisnetwork.com/members/skyworld/,0,16,0%,5.25
https://buffalocannabisnetwork.com/news/category/industry-news/,0,16,0%,9.25
https://buffalocannabisnetwork.com/news/tag/cannabis-data/,0,14,0%,5.29
https://buffalocannabisnetwork.com/members/pax/,0,11,0%,3
https://buffalocannabisnetwork.com/event-type/workshop/,0,11,0%,5
https://buffalocannabisnetwork.com/members/case-study-labs/,0,11,0%,21
https://buffalocannabisnetwork.com/news/tag/new-york-state-cannabis-news/,0,10,0%,9.2
https://buffalocannabisnetwork.com/news/membership-tier/professional-member/,0,9,0%,5.78
https://buffalocannabisnetwork.com/events/coffee-and-networking-hosted-by-withum/,0,9,0%,20.22
https://buffalocannabisnetwork.com/news/tag/cannabis-regulation/,0,8,0%,1.75
https://buffalocannabisnetwork.com/event-type/networking/,0,8,0%,2.38
https://buffalocannabisnetwork.com/members/snowbelt-cannabis/,0,8,0%,4.62
https://buffalocannabisnetwork.com/advertise/,0,8,0%,6.38
https://buffalocannabisnetwork.com/members/withum/,0,8,0%,7.75
https://buffalocannabisnetwork.com/news/tag/buffalo-cannabis-network/,0,7,0%,2.43
https://buffalocannabisnetwork.com/member-submissions/,0,7,0%,2.57
https://buffalocannabisnetwork.com/event-venue/,0,7,0%,5.86
https://buffalocannabisnetwork.com/members/ich-industries/,0,7,0%,7.43
https://buffalocannabisnetwork.com/events/bcn-brand-showcase/,0,6,0%,4.67
https://buffalocannabisnetwork.com/events/summer-kick-off/,0,6,0%,4.83
https://buffalocannabisnetwork.com/members/nautical-blaze/,0,6,0%,9.5
https://buffalocannabisnetwork.com/news/5-reasons-cannabis-professionals-should-attend-bcns-holiday-party/,0,6,0%,9.5
https://buffalocannabisnetwork.com/privacy/,0,5,0%,6
https://buffalocannabisnetwork.com/news/category/regulatory-updates/,0,5,0%,6.6
https://buffalocannabisnetwork.com/news/category/products-brands/,0,5,0%,6.8
https://buffalocannabisnetwork.com/members/suny-niagara-horticulture-program/,0,5,0%,8.2
https://buffalocannabisnetwork.com/news/tag/terpene-education/,0,5,0%,48.4
https://buffalocannabisnetwork.com/news/category/policy-legal/,0,4,0%,3.25
https://buffalocannabisnetwork.com/news/tag/cannabis-sales/,0,4,0%,3.25
https://buffalocannabisnetwork.com/buffalo-cannabis-network-dispensary-showcase-recap-photo-gallery/,0,4,0%,5.5
https://buffalocannabisnetwork.com/news/tag/small-batch-cannabis/,0,4,0%,69.75
https://buffalocannabisnetwork.com/news/tag/veteran-owned-cannabis-business/,0,3,0%,8
https://buffalocannabisnetwork.com/news/tag/snowbelt-cannabis/,0,3,0%,10.67
https://buffalocannabisnetwork.com/news/tag/cannabis-market/,0,3,0%,13
https://buffalocannabisnetwork.com/news/tag/new-york-cannabis-patient-support/,0,2,0%,1
https://buffalocannabisnetwork.com/events/bcn-dispensary-showcase/,0,2,0%,5.5
https://buffalocannabisnetwork.com/members/bootstrap-buffalo/,0,2,0%,5.5
https://buffalocannabisnetwork.com/events/summer-send-off/,0,2,0%,9.5
https://buffalocannabisnetwork.com/news/tag/cannabis-news/,0,2,0%,10
https://buffalocannabisnetwork.com/news/tag/jamestown-ny-cannabis/,0,2,0%,10.5
https://buffalocannabisnetwork.com/events/buffalo-cannabis-network/,0,1,0%,2
https://buffalocannabisnetwork.com/news/tag/medical-cannabis-tbi/,0,1,0%,2
https://buffalocannabisnetwork.com/events/member-happy-hour/,0,1,0%,4
https://buffalocannabisnetwork.com/news/tag/cannabis-advocate-buffalo-ny/,0,1,0%,7
https://buffalocannabisnetwork.com/news/tag/new-york-cannabis/,0,1,0%,7
https://buffalocannabisnetwork.com/news/tag/social-equity-cannabis/,0,1,0%,8
https://buffalocannabisnetwork.com/shop/,0,1,0%,8
https://buffalocannabisnetwork.com/news/tag/new-york-stat-ocm/,0,1,0%,9
https://buffalocannabisnetwork.com/news/tag/supply-chain/,0,1,0%,10
https://buffalocannabisnetwork.com/product/dj-booth-sponsor/,0,1,0%,12
https://buffalocannabisnetwork.com/events/croptober-celebration/,0,1,0%,29
https://buffalocannabisnetwork.com/events/april-coffee-networking/,0,1,0%,63