url,clicks,impressions,position,title,status,canonical,notes
https://buffalocannabisnetwork.com/,57,994,23.89,Buffalo Cannabis Network » Building The Industry Together,200,https://buffalocannabisnetwork.com/,
https://buffalocannabisnetwork.com/events/,10,81,4.0,Archives: Events » Buffalo Cannabis Network,200,https://buffalocannabisnetwork.com,
https://buffalocannabisnetwork.com/news/inside-snowbelt-cannabis-small-batch-solventless-women-veteran-owned/,6,82,10.73,"Inside Snowbelt Cannabis: Small-Batch, Solventless, Women & Veteran-Owned » Buffalo Cannabis Network",200,https://buffalocannabisnetwork.com/news/inside-snowbelt-cannabis-small-batch-solventless-women-veteran-owned/,
https://buffalocannabisnetwork.com/membership/,4,176,3.36,Membership » Buffalo Cannabis Network,200,https://buffalocannabisnetwork.com/membership/,
https://buffalocannabisnetwork.com/members/green-room-cannabis/,4,53,4.19,Green Room Cannabis » Buffalo Cannabis Network,200,https://buffalocannabisnetwork.com/members/green-room-cannabis/,
https://buffalocannabisnetwork.com/about/,3,425,11.68,Building a Stronger Cannabis Community » Buffalo Cannabis Network,200,https://buffalocannabisnetwork.com/about/,
https://buffalocannabisnetwork.com/new-york-cannabis-market-overview-2024-early-2025/,2,428,6.3,Page not found » Buffalo Cannabis Network,404,https://buffalocannabisnetwork.com,
https://buffalocannabisnetwork.com/ny-cannabis-cross-tier-branding-case-2025/,2,198,7.58,Page not found » Buffalo Cannabis Network,404,https://buffalocannabisnetwork.com,
https://buffalocannabisnetwork.com/contact-buffalo-cannabis-network/,2,181,12.55,Connect With WNY Cannabis Businesses » Buffalo Cannabis Network,200,https://buffalocannabisnetwork.com/contact-buffalo-cannabis-network/,
https://buffalocannabisnetwork.com/members/,2,124,46.85,Archives: Members » Buffalo Cannabis Network,200,https://buffalocannabisnetwork.com,
https://buffalocannabisnetwork.com/news/tag/new-york-cannabis-processors/,2,5,3.6,Tag: New York Cannabis Processors » Buffalo Cannabis Network,200,https://buffalocannabisnetwork.com,tag archive URL (index bloat candidate)
https://buffalocannabisnetwork.com/news/new-york-cannabis-market-overview-2024-early-2025/,1,359,7.33,New York Cannabis Market Overview: 2024-Early 2025 » Buffalo Cannabis Network,200,https://buffalocannabisnetwork.com/news/new-york-cannabis-market-overview-2024-early-2025/,
https://buffalocannabisnetwork.com/members/drs-testing/,1,26,5.31,DRS Testing » Buffalo Cannabis Network,200,https://buffalocannabisnetwork.com/members/drs-testing/,
https://buffalocannabisnetwork.com/members/amplified-buffalo-news/,1,23,6.35,Amplified (Buffalo News) » Buffalo Cannabis Network,200,https://buffalocannabisnetwork.com/members/amplified-buffalo-news/,
https://buffalocannabisnetwork.com/events/coffee-networking/,1,9,17.11,Page not found » Buffalo Cannabis Network,404,https://buffalocannabisnetwork.com,
https://buffalocannabisnetwork.com/members/cannabookkeeper-ny-cbkny/,1,7,11.14,Page not found » Buffalo Cannabis Network,404,https://buffalocannabisnetwork.com,
https://buffalocannabisnetwork.com/submit-a-tip/,1,2,6.5,Submit a Tip — Buffalo Cannabis Network » Buffalo Cannabis Network,200,https://buffalocannabisnetwork.com/submit-a-tip/,
https://buffalocannabisnetwork.com/events/buffalo-cannabis-network-happy-hour/,1,2,53.0,Page not found » Buffalo Cannabis Network,404,https://buffalocannabisnetwork.com,
https://buffalocannabisnetwork.com/news/nikki-lawley-buffalo-cannabis-networks-community-director-turns-pain-into-purpose/,0,301,5.13,From TBI Survivor to Cannabis Industry Leader: Nikki Lawley’s Inspiring Journey » Buffalo Cannabis Network,200,https://buffalocannabisnetwork.com/news/nikki-lawley-buffalo-cannabis-networks-community-director-turns-pain-into-purpose/,
https://buffalocannabisnetwork.com/news/,0,66,9.21,Page not found » Buffalo Cannabis Network,404,https://buffalocannabisnetwork.com,
https://buffalocannabisnetwork.com/about-buffalo-cannabis-network/,0,62,6.11,Page not found » Buffalo Cannabis Network,404,https://buffalocannabisnetwork.com,
https://buffalocannabisnetwork.com/blog/,0,52,3.67,Cannabis Industry Insights & News » Buffalo Cannabis Network,200,https://buffalocannabisnetwork.com,
https://buffalocannabisnetwork.com/event-venue/sol-buffalo-pool-club/,0,41,16.61,Page not found » Buffalo Cannabis Network,404,https://buffalocannabisnetwork.com,
https://buffalocannabisnetwork.com/contact/,0,40,10.25,CONTACT BUFFALO CANNABIS NETWORK » Buffalo Cannabis Network,200,https://buffalocannabisnetwork.com/contact/,
https://buffalocannabisnetwork.com/news/category/market-reports/,0,29,3.31,Category: Market Reports » Buffalo Cannabis Network,200,https://buffalocannabisnetwork.com,category archive URL (index bloat candidate)
https://buffalocannabisnetwork.com/members/americu-credit-union/,0,26,5.38,AmeriCU Credit Union » Buffalo Cannabis Network,200,https://buffalocannabisnetwork.com/members/americu-credit-union/,
https://buffalocannabisnetwork.com/event/bcn-dispensary-showcase/,0,26,12.88,Page not found » Buffalo Cannabis Network,404,https://buffalocannabisnetwork.com,
https://buffalocannabisnetwork.com/news/ccb-meeting-highlights-what-actually-matters-for-ny-operators/,0,25,7.92,CCB Meeting Highlights: What Actually Matters for NY Operators » Buffalo Cannabis Network,200,https://buffalocannabisnetwork.com/news/ccb-meeting-highlights-what-actually-matters-for-ny-operators/,
https://buffalocannabisnetwork.com/news/ny-cannabis-cross-tier-branding-case-2025/,0,23,6.43,NY Cannabis Crackdown: Charlie Fox and Basin Mixtures Fined $50K for Branding Violation » Buffalo Cannabis Network,200,https://buffalocannabisnetwork.com/news/ny-cannabis-cross-tier-branding-case-2025/,
https://buffalocannabisnetwork.com/members/house-of-sacci/,0,23,19.17,House of Sacci » Buffalo Cannabis Network,200,https://buffalocannabisnetwork.com/members/house-of-sacci/,
https://buffalocannabisnetwork.com/news/tag/ocm/,0,22,8.41,Tag: OCM » Buffalo Cannabis Network,200,https://buffalocannabisnetwork.com,tag archive URL (index bloat candidate)
https://buffalocannabisnetwork.com/members/weed-ross-insurance/,0,21,9.71,Weed Ross Insurance » Buffalo Cannabis Network,200,https://buffalocannabisnetwork.com/members/weed-ross-insurance/,
https://buffalocannabisnetwork.com/news/tag/cannabis-industry/,0,20,3.1,Tag: Cannabis Industry » Buffalo Cannabis Network,200,https://buffalocannabisnetwork.com,tag archive URL (index bloat candidate)
https://buffalocannabisnetwork.com/terms/,0,19,6.58,Terms » Buffalo Cannabis Network,200,https://buffalocannabisnetwork.com/terms/,
https://buffalocannabisnetwork.com/print/,0,18,1.11,Serving Buffalo’s Cannabis Community » Buffalo Cannabis Network,200,https://buffalocannabisnetwork.com/print/,
https://buffalocannabisnetwork.com/members/staffbuffalo-hrbuffalo/,0,18,18.0,StaffBuffalo / HRBuffalo » Buffalo Cannabis Network,200,https://buffalocannabisnetwork.com/members/staffbuffalo-hrbuffalo/,
https://buffalocannabisnetwork.com/recaps/,0,16,2.94,Event Recaps & Photo Galleries » Buffalo Cannabis Network,200,https://buffalocannabisnetwork.com/recaps/,
https://buffalocannabisnetwork.com/members/skyworld/,0,16,5.25,Skyworld » Buffalo Cannabis Network,200,https://buffalocannabisnetwork.com/members/skyworld/,
https://buffalocannabisnetwork.com/news/category/industry-news/,0,16,9.25,Category: Industry News » Buffalo Cannabis Network,200,https://buffalocannabisnetwork.com,category archive URL (index bloat candidate)
https://buffalocannabisnetwork.com/news/tag/cannabis-data/,0,14,5.29,Tag: Cannabis Data » Buffalo Cannabis Network,200,https://buffalocannabisnetwork.com,tag archive URL (index bloat candidate)
https://buffalocannabisnetwork.com/members/pax/,0,11,3.0,PAX » Buffalo Cannabis Network,200,https://buffalocannabisnetwork.com/members/pax/,
https://buffalocannabisnetwork.com/event-type/workshop/,0,11,5.0,Page not found » Buffalo Cannabis Network,404,https://buffalocannabisnetwork.com,
https://buffalocannabisnetwork.com/members/case-study-labs/,0,11,21.0,Case Study Labs » Buffalo Cannabis Network,200,https://buffalocannabisnetwork.com/members/case-study-labs/,
https://buffalocannabisnetwork.com/news/tag/new-york-state-cannabis-news/,0,10,9.2,Tag: New York State Cannabis News » Buffalo Cannabis Network,200,https://buffalocannabisnetwork.com,tag archive URL (index bloat candidate)
https://buffalocannabisnetwork.com/news/membership-tier/professional-member/,0,9,5.78,Membership Tier: Professional Member » Buffalo Cannabis Network,200,https://buffalocannabisnetwork.com,
https://buffalocannabisnetwork.com/events/coffee-and-networking-hosted-by-withum/,0,9,20.22,Page not found » Buffalo Cannabis Network,404,https://buffalocannabisnetwork.com,
https://buffalocannabisnetwork.com/news/tag/cannabis-regulation/,0,8,1.75,Tag: Cannabis Regulation » Buffalo Cannabis Network,200,https://buffalocannabisnetwork.com,tag archive URL (index bloat candidate)
https://buffalocannabisnetwork.com/event-type/networking/,0,8,2.38,Page not found » Buffalo Cannabis Network,404,https://buffalocannabisnetwork.com,
https://buffalocannabisnetwork.com/members/snowbelt-cannabis/,0,8,4.62,Snowbelt Cannabis » Buffalo Cannabis Network,200,https://buffalocannabisnetwork.com/members/snowbelt-cannabis/,
https://buffalocannabisnetwork.com/advertise/,0,8,6.38,Sponsorship and Advertising » Buffalo Cannabis Network,200,https://buffalocannabisnetwork.com/advertise/,
